title,adresse,start_date_of_availability,end_date_of_availability,voyageur,created_at,updated_at,city,latitude,longitude,user_id,images,bookings_count,comments_count,price,description,equipments
Taitbout,"42 Rue Taitbout, Paris, France","Fri, 11 Mar 2022","Fri, 03 Mar 2023",2,"Fri, 11 Mar 2022 20:00:00.403540000 UTC +00:00","Fri, 11 Mar 2022 20:00:00.403540000 UTC +00:00","Paris, France",,,1,,0,0,55,"Lorem ipsum dolor sit amet consectetur adipisicing elit. Reprehenderit fugiat, quasi perspiciatis earum unde enim ullam doloribus repellendus sapiente voluptate veritatis nihil atque expedita rem aperiam! Distinctio iusto harum dolorum.","cuisine couverts refrigirateur four micro_onde lave_vaisselle congelateur lave_linge savon_pour_le_corps shampooing fer seche_cheveux armoire cintre draps oreillers_couettes wifi work animaux"
Feydeau,"9 Rue Feydeau, Paris, France","Fri, 11 Mar 2022","Fri, 03 Mar 2023",2,"Fri, 11 Mar 2022 20:00:00.403540000 UTC +00:00","Fri, 11 Mar 2022 20:00:00.403540000 UTC +00:00","Paris, France",,,1,,0,0,55,"Lorem ipsum dolor sit amet consectetur adipisicing elit. Reprehenderit fugiat, quasi perspiciatis earum unde enim ullam doloribus repellendus sapiente voluptate veritatis nihil atque expedita rem aperiam! Distinctio iusto harum dolorum.","cuisine couverts refrigirateur four micro_onde lave_vaisselle congelateur lave_linge savon_pour_le_corps shampooing fer seche_cheveux armoire cintre draps oreillers_couettes wifi work animaux"
Charonne,"155 Rue de Charonne, Paris, France","Fri, 11 Mar 2022","Fri, 03 Mar 2023",2,"Fri, 11 Mar 2022 20:00:00.403540000 UTC +00:00","Fri, 11 Mar 2022 20:00:00.403540000 UTC +00:00","Paris, France",,,1,,0,0,60,"Lorem ipsum dolor sit amet consectetur adipisicing elit. Reprehenderit fugiat, quasi perspiciatis earum unde enim ullam doloribus repellendus sapiente voluptate veritatis nihil atque expedita rem aperiam! Distinctio iusto harum dolorum.","cuisine couverts refrigirateur four micro_onde lave_vaisselle congelateur lave_linge savon_pour_le_corps shampooing fer seche_cheveux armoire cintre draps oreillers_couettes wifi work animaux"
11 Rue Sedaine,"11 Rue Sedaine, Paris, France","Fri, 11 Mar 2022","Fri, 03 Mar 2023",2,"Fri, 11 Mar 2022 20:00:00.403540000 UTC +00:00","Fri, 11 Mar 2022 20:00:00.403540000 UTC +00:00","Paris, France",,,1,,0,0,60,"Lorem ipsum dolor sit amet consectetur adipisicing elit. Reprehenderit fugiat, quasi perspiciatis earum unde enim ullam doloribus repellendus sapiente voluptate veritatis nihil atque expedita rem aperiam! Distinctio iusto harum dolorum.","cuisine couverts refrigirateur four micro_onde lave_vaisselle congelateur lave_linge savon_pour_le_corps shampooing fer seche_cheveux armoire cintre draps oreillers_couettes wifi work animaux"
30 Rue Sedaine,"30 Rue Sedaine, Paris, France","Fri, 11 Mar 2022","Fri, 03 Mar 2023",2,"Fri, 11 Mar 2022 20:00:00.403540000 UTC +00:00","Fri, 11 Mar 2022 20:00:00.403540000 UTC +00:00","Paris, France",,,1,,0,0,60,"Lorem ipsum dolor sit amet consectetur adipisicing elit. Reprehenderit fugiat, quasi perspiciatis earum unde enim ullam doloribus repellendus sapiente voluptate veritatis nihil atque expedita rem aperiam! Distinctio iusto harum dolorum.","cuisine couverts refrigirateur four micro_onde lave_vaisselle congelateur lave_linge savon_pour_le_corps shampooing fer seche_cheveux armoire cintre draps oreillers_couettes wifi work animaux"
Massene,"3 Rue Massenet, Paris, France","Fri, 11 Mar 2022","Fri, 03 Mar 2023",2,"Fri, 11 Mar 2022 20:00:00.403540000 UTC +00:00","Fri, 11 Mar 2022 20:00:00.403540000 UTC +00:00","Paris, France",,,1,,0,0,60,"Lorem ipsum dolor sit amet consectetur adipisicing elit. Reprehenderit fugiat, quasi perspiciatis earum unde enim ullam doloribus repellendus sapiente voluptate veritatis nihil atque expedita rem aperiam! Distinctio iusto harum dolorum.","cuisine couverts refrigirateur four micro_onde lave_vaisselle congelateur lave_linge savon_pour_le_corps shampooing fer seche_cheveux armoire cintre draps oreillers_couettes wifi work animaux"
Nicolo,"15 Rue Nicolo, Paris, France","Fri, 11 Mar 2022","Fri, 03 Mar 2023",2,"Fri, 11 Mar 2022 20:00:00.403540000 UTC +00:00","Fri, 11 Mar 2022 20:00:00.403540000 UTC +00:00","Paris, France",,,1,,0,0,67,"Lorem ipsum dolor sit amet consectetur adipisicing elit. Reprehenderit fugiat, quasi perspiciatis earum unde enim ullam doloribus repellendus sapiente voluptate veritatis nihil atque expedita rem aperiam! Distinctio iusto harum dolorum.","cuisine couverts refrigirateur four micro_onde lave_vaisselle congelateur lave_linge savon_pour_le_corps shampooing fer seche_cheveux armoire cintre draps oreillers_couettes wifi work animaux"
Paul Delaroche,"37 Rue Paul Delaroche, Paris, France","Fri, 11 Mar 2022","Fri, 03 Mar 2023",2,"Fri, 11 Mar 2022 20:00:00.403540000 UTC +00:00","Fri, 11 Mar 2022 20:00:00.403540000 UTC +00:00","Paris, France",,,1,,0,0,67,"Lorem ipsum dolor sit amet consectetur adipisicing elit. Reprehenderit fugiat, quasi perspiciatis earum unde enim ullam doloribus repellendus sapiente voluptate veritatis nihil atque expedita rem aperiam! Distinctio iusto harum dolorum.","cuisine couverts refrigirateur four micro_onde lave_vaisselle congelateur lave_linge savon_pour_le_corps shampooing fer seche_cheveux armoire cintre draps oreillers_couettes wifi work animaux"
Saint-Denis,"269 Rue Saint-Denis, Paris, France","Fri, 11 Mar 2022","Fri, 03 Mar 2023",2,"Fri, 11 Mar 2022 20:00:00.403540000 UTC +00:00","Fri, 11 Mar 2022 20:00:00.403540000 UTC +00:00","Paris, France",,,1,,0,0,67,"Lorem ipsum dolor sit amet consectetur adipisicing elit. Reprehenderit fugiat, quasi perspiciatis earum unde enim ullam doloribus repellendus sapiente voluptate veritatis nihil atque expedita rem aperiam! Distinctio iusto harum dolorum.","cuisine couverts refrigirateur four micro_onde lave_vaisselle congelateur lave_linge savon_pour_le_corps shampooing fer seche_cheveux armoire cintre draps oreillers_couettes wifi work animaux"
la Victoire,"50 Rue de la Victoire, Paris, France","Fri, 11 Mar 2022","Fri, 03 Mar 2023",2,"Fri, 11 Mar 2022 20:00:00.403540000 UTC +00:00","Fri, 11 Mar 2022 20:00:00.403540000 UTC +00:00","Paris, France",,,1,,0,0,67,"Lorem ipsum dolor sit amet consectetur adipisicing elit. Reprehenderit fugiat, quasi perspiciatis earum unde enim ullam doloribus repellendus sapiente voluptate veritatis nihil atque expedita rem aperiam! Distinctio iusto harum dolorum.","cuisine couverts refrigirateur four micro_onde lave_vaisselle congelateur lave_linge savon_pour_le_corps shampooing fer seche_cheveux armoire cintre draps oreillers_couettes wifi work animaux"
Saint-Maur,"122 Rue Saint-Maur, Paris, France","Fri, 11 Mar 2022","Fri, 03 Mar 2023",2,"Fri, 11 Mar 2022 20:00:00.403540000 UTC +00:00","Fri, 11 Mar 2022 20:00:00.403540000 UTC +00:00","Paris, France",,,1,,0,0,67,"Lorem ipsum dolor sit amet consectetur adipisicing elit. Reprehenderit fugiat, quasi perspiciatis earum unde enim ullam doloribus repellendus sapiente voluptate veritatis nihil atque expedita rem aperiam! Distinctio iusto harum dolorum.","cuisine couverts refrigirateur four micro_onde lave_vaisselle congelateur lave_linge savon_pour_le_corps shampooing fer seche_cheveux armoire cintre draps oreillers_couettes wifi work animaux"
a Baume,"23 Rue de la Baume, Paris, France","Fri, 11 Mar 2022","Fri, 03 Mar 2023",2,"Fri, 11 Mar 2022 20:00:00.403540000 UTC +00:00","Fri, 11 Mar 2022 20:00:00.403540000 UTC +00:00","Paris, France",,,1,,0,0,69,"Lorem ipsum dolor sit amet consectetur adipisicing elit. Reprehenderit fugiat, quasi perspiciatis earum unde enim ullam doloribus repellendus sapiente voluptate veritatis nihil atque expedita rem aperiam! Distinctio iusto harum dolorum.","cuisine couverts refrigirateur four micro_onde lave_vaisselle congelateur lave_linge savon_pour_le_corps shampooing fer seche_cheveux armoire cintre draps oreillers_couettes wifi work animaux"
Henri Chevreau,"8 Rue Henri Chevreau, Paris, France","Fri, 11 Mar 2022","Fri, 03 Mar 2023",2,"Fri, 11 Mar 2022 20:00:00.403540000 UTC +00:00","Fri, 11 Mar 2022 20:00:00.403540000 UTC +00:00","Paris, France",,,1,,0,0,69,"Lorem ipsum dolor sit amet consectetur adipisicing elit. Reprehenderit fugiat, quasi perspiciatis earum unde enim ullam doloribus repellendus sapiente voluptate veritatis nihil atque expedita rem aperiam! Distinctio iusto harum dolorum.","cuisine couverts refrigirateur four micro_onde lave_vaisselle congelateur lave_linge savon_pour_le_corps shampooing fer seche_cheveux armoire cintre draps oreillers_couettes wifi work animaux"
Rue Chauchat,"9-3 Rue Chauchat, Paris, France","Fri, 11 Mar 2022","Fri, 03 Mar 2023",2,"Fri, 11 Mar 2022 20:00:00.403540000 UTC +00:00","Fri, 11 Mar 2022 20:00:00.403540000 UTC +00:00","Paris, France",,,1,,0,0,69,"Lorem ipsum dolor sit amet consectetur adipisicing elit. Reprehenderit fugiat, quasi perspiciatis earum unde enim ullam doloribus repellendus sapiente voluptate veritatis nihil atque expedita rem aperiam! Distinctio iusto harum dolorum.","cuisine couverts refrigirateur four micro_onde lave_vaisselle congelateur lave_linge savon_pour_le_corps shampooing fer seche_cheveux armoire cintre draps oreillers_couettes wifi work animaux"
Arago,"10 Bd Arago, Paris, France","Fri, 11 Mar 2022","Fri, 03 Mar 2023",2,"Fri, 11 Mar 2022 20:00:00.403540000 UTC +00:00","Fri, 11 Mar 2022 20:00:00.403540000 UTC +00:00","Paris, France",,,1,,0,0,69,"Lorem ipsum dolor sit amet consectetur adipisicing elit. Reprehenderit fugiat, quasi perspiciatis earum unde enim ullam doloribus repellendus sapiente voluptate veritatis nihil atque expedita rem aperiam! Distinctio iusto harum dolorum.","cuisine couverts refrigirateur four micro_onde lave_vaisselle congelateur lave_linge savon_pour_le_corps shampooing fer seche_cheveux armoire cintre draps oreillers_couettes wifi work animaux"
Montholon,"3 Rue de Montholon, Paris, France","Fri, 11 Mar 2022","Fri, 03 Mar 2023",2,"Fri, 11 Mar 2022 20:00:00.403540000 UTC +00:00","Fri, 11 Mar 2022 20:00:00.403540000 UTC +00:00","Paris, France",,,1,,0,0,80,"Lorem ipsum dolor sit amet consectetur adipisicing elit. Reprehenderit fugiat, quasi perspiciatis earum unde enim ullam doloribus repellendus sapiente voluptate veritatis nihil atque expedita rem aperiam! Distinctio iusto harum dolorum.","cuisine couverts refrigirateur four micro_onde lave_vaisselle congelateur lave_linge savon_pour_le_corps shampooing fer seche_cheveux armoire cintre draps oreillers_couettes wifi work animaux"
Richard Lenoir,"4 Rue Richard Lenoir, Paris, France","Fri, 11 Mar 2022","Fri, 03 Mar 2023",2,"Fri, 11 Mar 2022 20:00:00.403540000 UTC +00:00","Fri, 11 Mar 2022 20:00:00.403540000 UTC +00:00","Paris, France",,,1,,0,0,45,"Lorem ipsum dolor sit amet consectetur adipisicing elit. Reprehenderit fugiat, quasi perspiciatis earum unde enim ullam doloribus repellendus sapiente voluptate veritatis nihil atque expedita rem aperiam! Distinctio iusto harum dolorum.","cuisine couverts refrigirateur four micro_onde lave_vaisselle congelateur lave_linge savon_pour_le_corps shampooing fer seche_cheveux armoire cintre draps oreillers_couettes wifi work animaux"
Paris France Hôtel,"Paris France Hôtel, Rue de Turbigo, Paris, France","Fri, 11 Mar 2022","Fri, 03 Mar 2023",2,"Fri, 11 Mar 2022 20:00:00.403540000 UTC +00:00","Fri, 11 Mar 2022 20:00:00.403540000 UTC +00:00","Paris, France",,,1,,0,0,67,"Lorem ipsum dolor sit amet consectetur adipisicing elit. Reprehenderit fugiat, quasi perspiciatis earum unde enim ullam doloribus repellendus sapiente voluptate veritatis nihil atque expedita rem aperiam! Distinctio iusto harum dolorum.","cuisine couverts refrigirateur four micro_onde lave_vaisselle congelateur lave_linge savon_pour_le_corps shampooing fer seche_cheveux armoire cintre draps oreillers_couettes wifi work animaux"
Anatole France,"5 Avenue Anatole France, Paris, France","Fri, 11 Mar 2022","Fri, 03 Mar 2023",2,"Fri, 11 Mar 2022 20:00:00.403540000 UTC +00:00","Fri, 11 Mar 2022 20:00:00.403540000 UTC +00:00","Paris, France",,,1,,0,0,86,"Lorem ipsum dolor sit amet consectetur adipisicing elit. Reprehenderit fugiat, quasi perspiciatis earum unde enim ullam doloribus repellendus sapiente voluptate veritatis nihil atque expedita rem aperiam! Distinctio iusto harum dolorum.","cuisine couverts refrigirateur four micro_onde lave_vaisselle congelateur lave_linge savon_pour_le_corps shampooing fer seche_cheveux armoire cintre draps oreillers_couettes wifi work animaux"
Victor Hugo,"15 Avenue Victor Hugo, Paris, France","Fri, 11 Mar 2022","Fri, 03 Mar 2023",2,"Fri, 11 Mar 2022 20:00:00.403540000 UTC +00:00","Fri, 11 Mar 2022 20:00:00.403540000 UTC +00:00","Paris, France",,,1,,0,0,39,"Lorem ipsum dolor sit amet consectetur adipisicing elit. Reprehenderit fugiat, quasi perspiciatis earum unde enim ullam doloribus repellendus sapiente voluptate veritatis nihil atque expedita rem aperiam! Distinctio iusto harum dolorum.","cuisine couverts refrigirateur four micro_onde lave_vaisselle congelateur lave_linge savon_pour_le_corps shampooing fer seche_cheveux armoire cintre draps oreillers_couettes wifi work animaux"
Chapon,"14 Rue Chapon, Paris, France","Fri, 11 Mar 2022","Fri, 03 Mar 2023",2,"Fri, 11 Mar 2023 20:00:00.403540000 UTC +00:00","Fri, 11 Mar 2022 20:00:00.403540000 UTC +00:00","Paris, France",,,1,,0,0,50,"Lorem ipsum dolor sit amet consectetur adipisicing elit. Reprehenderit fugiat, quasi perspiciatis earum unde enim ullam doloribus repellendus sapiente voluptate veritatis nihil atque expedita rem aperiam! Distinctio iusto harum dolorum.","cuisine couverts refrigirateur four micro_onde lave_vaisselle congelateur lave_linge savon_pour_le_corps shampooing fer seche_cheveux armoire cintre draps oreillers_couettes wifi work animaux"
Ranelagh,"64 Rue du Ranelagh, Paris, France","Fri, 11 Mar 2022","Fri, 03 Mar 2023",2,"Fri, 11 Mar 2022 20:00:00.403540000 UTC +00:00","Fri, 11 Mar 2022 20:00:00.403540000 UTC +00:00","Paris, France",,,1,,0,0,69,"Lorem ipsum dolor sit amet consectetur adipisicing elit. Reprehenderit fugiat, quasi perspiciatis earum unde enim ullam doloribus repellendus sapiente voluptate veritatis nihil atque expedita rem aperiam! Distinctio iusto harum dolorum.","cuisine couverts refrigirateur four micro_onde lave_vaisselle congelateur lave_linge savon_pour_le_corps shampooing fer seche_cheveux armoire cintre draps oreillers_couettes wifi work animaux"
600 Duncan Street,"600 Duncan Street, San Francisco, Californie, États-Unis","Fri, 11 Mar 2022","Fri, 03 Mar 2023",2,"Fri, 11 Mar 2022 20:00:00.403540000 UTC +00:01","Fri, 11 Mar 2022 20:00:00.403540000 UTC +00:01","San Francisco, Californie, États-Unis",,,1,,0,0,80,"Lorem ipsum dolor sit amet consectetur adipisicing elit. Reprehenderit fugiat, quasi perspiciatis earum unde enim ullam doloribus repellendus sapiente voluptate veritatis nihil atque expedita rem aperiam! Distinctio iusto harum dolorum.","cuisine couverts refrigirateur four micro_onde lave_vaisselle congelateur lave_linge savon_pour_le_corps shampooing fer seche_cheveux armoire cintre draps oreillers_couettes wifi work animaux"
504 Duncan Street,"504 Duncan Street, San Francisco, Californie, États-Unis","Fri, 11 Mar 2022","Fri, 03 Mar 2023",2,"Fri, 11 Mar 2022 20:00:00.403540000 UTC +00:02","Fri, 11 Mar 2022 20:00:00.403540000 UTC +00:02","San Francisco, Californie, États-Unis",,,1,,0,0,45,"Lorem ipsum dolor sit amet consectetur adipisicing elit. Reprehenderit fugiat, quasi perspiciatis earum unde enim ullam doloribus repellendus sapiente voluptate veritatis nihil atque expedita rem aperiam! Distinctio iusto harum dolorum.","cuisine couverts refrigirateur four micro_onde lave_vaisselle congelateur lave_linge savon_pour_le_corps shampooing fer seche_cheveux armoire cintre draps oreillers_couettes wifi work animaux"
Newburg Street,"40 Newburg Street, San Francisco, Californie, États-Unis","Fri, 11 Mar 2022","Fri, 03 Mar 2023",2,"Fri, 11 Mar 2022 20:00:00.403540000 UTC +00:03","Fri, 11 Mar 2022 20:00:00.403540000 UTC +00:03","San Francisco, Californie, États-Unis",,,1,,0,0,67,"Lorem ipsum dolor sit amet consectetur adipisicing elit. Reprehenderit fugiat, quasi perspiciatis earum unde enim ullam doloribus repellendus sapiente voluptate veritatis nihil atque expedita rem aperiam! Distinctio iusto harum dolorum.","cuisine couverts refrigirateur four micro_onde lave_vaisselle congelateur lave_linge savon_pour_le_corps shampooing fer seche_cheveux armoire cintre draps oreillers_couettes wifi work animaux"
Grattan St,"2-98 Grattan St, San Francisco, Californie, États-Unis","Fri, 11 Mar 2022","Fri, 03 Mar 2023",2,"Fri, 11 Mar 2022 20:00:00.403540000 UTC +00:04","Fri, 11 Mar 2022 20:00:00.403540000 UTC +00:04","San Francisco, Californie, États-Unis",,,1,,0,0,86,"Lorem ipsum dolor sit amet consectetur adipisicing elit. Reprehenderit fugiat, quasi perspiciatis earum unde enim ullam doloribus repellendus sapiente voluptate veritatis nihil atque expedita rem aperiam! Distinctio iusto harum dolorum.","cuisine couverts refrigirateur four micro_onde lave_vaisselle congelateur lave_linge savon_pour_le_corps shampooing fer seche_cheveux armoire cintre draps oreillers_couettes wifi work animaux"
Downey St,"169 Downey St, San Francisco, Californie, États-Unis","Fri, 11 Mar 2022","Fri, 03 Mar 2023",2,"Fri, 11 Mar 2022 20:00:00.403540000 UTC +00:05","Fri, 11 Mar 2022 20:00:00.403540000 UTC +00:05","San Francisco, Californie, États-Unis",,,1,,0,0,39,"Lorem ipsum dolor sit amet consectetur adipisicing elit. Reprehenderit fugiat, quasi perspiciatis earum unde enim ullam doloribus repellendus sapiente voluptate veritatis nihil atque expedita rem aperiam! Distinctio iusto harum dolorum.","cuisine couverts refrigirateur four micro_onde lave_vaisselle congelateur lave_linge savon_pour_le_corps shampooing fer seche_cheveux armoire cintre draps oreillers_couettes wifi work animaux"
Palou Ave,"1574 Palou Ave, San Francisco, Californie, États-Unis","Fri, 11 Mar 2022","Fri, 03 Mar 2023",2,"Fri, 11 Mar 2022 20:00:00.403540000 UTC +00:06","Fri, 11 Mar 2022 20:00:00.403540000 UTC +00:06","San Francisco, Californie, États-Unis",,,1,,0,0,50,"Lorem ipsum dolor sit amet consectetur adipisicing elit. Reprehenderit fugiat, quasi perspiciatis earum unde enim ullam doloribus repellendus sapiente voluptate veritatis nihil atque expedita rem aperiam! Distinctio iusto harum dolorum.","cuisine couverts refrigirateur four micro_onde lave_vaisselle congelateur lave_linge savon_pour_le_corps shampooing fer seche_cheveux armoire cintre draps oreillers_couettes wifi work animaux"
"Santiago St,","2724 Santiago St, San Francisco, Californie, États-Unis","Fri, 11 Mar 2022","Fri, 03 Mar 2023",2,"Fri, 11 Mar 2022 20:00:00.403540000 UTC +00:07","Fri, 11 Mar 2022 20:00:00.403540000 UTC +00:07","San Francisco, Californie, États-Unis",,,1,,0,0,69,"Lorem ipsum dolor sit amet consectetur adipisicing elit. Reprehenderit fugiat, quasi perspiciatis earum unde enim ullam doloribus repellendus sapiente voluptate veritatis nihil atque expedita rem aperiam! Distinctio iusto harum dolorum.","cuisine couverts refrigirateur four micro_onde lave_vaisselle congelateur lave_linge savon_pour_le_corps shampooing fer seche_cheveux armoire cintre draps oreillers_couettes wifi work animaux"
California St,"2554 California St, San Francisco, Californie, États-Unis","Fri, 11 Mar 2022","Fri, 03 Mar 2023",2,"Fri, 11 Mar 2022 20:00:00.403540000 UTC +00:08","Fri, 11 Mar 2022 20:00:00.403540000 UTC +00:08","San Francisco, Californie, États-Unis",,,1,,0,0,80,"Lorem ipsum dolor sit amet consectetur adipisicing elit. Reprehenderit fugiat, quasi perspiciatis earum unde enim ullam doloribus repellendus sapiente voluptate veritatis nihil atque expedita rem aperiam! Distinctio iusto harum dolorum.","cuisine couverts refrigirateur four micro_onde lave_vaisselle congelateur lave_linge savon_pour_le_corps shampooing fer seche_cheveux armoire cintre draps oreillers_couettes wifi work animaux"
Sacramento St,"2700 Sacramento St, San Francisco, Californie, États-Unis","Fri, 11 Mar 2022","Fri, 03 Mar 2023",2,"Fri, 11 Mar 2022 20:00:00.403540000 UTC +00:09","Fri, 11 Mar 2022 20:00:00.403540000 UTC +00:09","San Francisco, Californie, États-Unis",,,1,,0,0,45,"Lorem ipsum dolor sit amet consectetur adipisicing elit. Reprehenderit fugiat, quasi perspiciatis earum unde enim ullam doloribus repellendus sapiente voluptate veritatis nihil atque expedita rem aperiam! Distinctio iusto harum dolorum.","cuisine couverts refrigirateur four micro_onde lave_vaisselle congelateur lave_linge savon_pour_le_corps shampooing fer seche_cheveux armoire cintre draps oreillers_couettes wifi work animaux"
E 85th St,"416 E 85th St, New York, État de New York, États-Unis","Fri, 11 Mar 2022","Fri, 03 Mar 2023",2,"Fri, 11 Mar 2022 20:00:00.403540000 UTC +00:00","Fri, 11 Mar 2022 20:00:00.403540000 UTC +00:00","New York, État de New York, États-Unis",,,1,,0,0,67,"Lorem ipsum dolor sit amet consectetur adipisicing elit. Reprehenderit fugiat, quasi perspiciatis earum unde enim ullam doloribus repellendus sapiente voluptate veritatis nihil atque expedita rem aperiam! Distinctio iusto harum dolorum.","cuisine couverts refrigirateur four micro_onde lave_vaisselle congelateur lave_linge savon_pour_le_corps shampooing fer seche_cheveux armoire cintre draps oreillers_couettes wifi work animaux"
"E 89th St,","252 E 89th St, New York, État de New York, États-Unis","Fri, 11 Mar 2022","Fri, 03 Mar 2023",2,"Fri, 11 Mar 2022 20:00:00.403540000 UTC +00:00","Fri, 11 Mar 2022 20:00:00.403540000 UTC +00:00","New York, État de New York, États-Unis",,,1,,0,0,86,"Lorem ipsum dolor sit amet consectetur adipisicing elit. Reprehenderit fugiat, quasi perspiciatis earum unde enim ullam doloribus repellendus sapiente voluptate veritatis nihil atque expedita rem aperiam! Distinctio iusto harum dolorum.","cuisine couverts refrigirateur four micro_onde lave_vaisselle congelateur lave_linge savon_pour_le_corps shampooing fer seche_cheveux armoire cintre draps oreillers_couettes wifi work animaux"
E 87th St,"177 E 87th St, New York, État de New York, États-Unis","Fri, 11 Mar 2022","Fri, 03 Mar 2023",2,"Fri, 11 Mar 2023 20:00:00.403540000 UTC +00:00","Fri, 11 Mar 2022 20:00:00.403540000 UTC +00:00","New York, État de New York, États-Unis",,,1,,0,0,39,"Lorem ipsum dolor sit amet consectetur adipisicing elit. Reprehenderit fugiat, quasi perspiciatis earum unde enim ullam doloribus repellendus sapiente voluptate veritatis nihil atque expedita rem aperiam! Distinctio iusto harum dolorum.","cuisine couverts refrigirateur four micro_onde lave_vaisselle congelateur lave_linge savon_pour_le_corps shampooing fer seche_cheveux armoire cintre draps oreillers_couettes wifi work animaux"
W 123rd St,"305 W 123rd St, New York, État de New York, États-Unis","Fri, 11 Mar 2022","Fri, 03 Mar 2023",2,"Fri, 11 Mar 2022 20:00:00.403540000 UTC +00:00","Fri, 11 Mar 2022 20:00:00.403540000 UTC +00:01","New York, État de New York, États-Unis",,,1,,0,0,50,"Lorem ipsum dolor sit amet consectetur adipisicing elit. Reprehenderit fugiat, quasi perspiciatis earum unde enim ullam doloribus repellendus sapiente voluptate veritatis nihil atque expedita rem aperiam! Distinctio iusto harum dolorum.","cuisine couverts refrigirateur four micro_onde lave_vaisselle congelateur lave_linge savon_pour_le_corps shampooing fer seche_cheveux armoire cintre draps oreillers_couettes wifi work animaux"
St Nicholas Ave,"280 St Nicholas Ave, New York, État de New York, États-Unis","Fri, 11 Mar 2022","Fri, 03 Mar 2023",2,"Fri, 11 Mar 2022 20:00:00.403540000 UTC +00:01","Fri, 11 Mar 2022 20:00:00.403540000 UTC +00:02","New York, État de New York, États-Unis",,,1,,0,0,69,"Lorem ipsum dolor sit amet consectetur adipisicing elit. Reprehenderit fugiat, quasi perspiciatis earum unde enim ullam doloribus repellendus sapiente voluptate veritatis nihil atque expedita rem aperiam! Distinctio iusto harum dolorum.","cuisine couverts refrigirateur four micro_onde lave_vaisselle congelateur lave_linge savon_pour_le_corps shampooing fer seche_cheveux armoire cintre draps oreillers_couettes wifi work animaux"
W 148th S,"469 W 148th St, New York, État de New York, États-Unis","Fri, 11 Mar 2022","Fri, 03 Mar 2023",2,"Fri, 11 Mar 2022 20:00:00.403540000 UTC +00:02","Fri, 11 Mar 2022 20:00:00.403540000 UTC +00:03","New York, État de New York, États-Unis",,,1,,0,0,80,"Lorem ipsum dolor sit amet consectetur adipisicing elit. Reprehenderit fugiat, quasi perspiciatis earum unde enim ullam doloribus repellendus sapiente voluptate veritatis nihil atque expedita rem aperiam! Distinctio iusto harum dolorum.","cuisine couverts refrigirateur four micro_onde lave_vaisselle congelateur lave_linge savon_pour_le_corps shampooing fer seche_cheveux armoire cintre draps oreillers_couettes wifi work animaux"
"St, Bronx","403 E 152nd St, Bronx, New York, État de New York, États-Unis","Fri, 11 Mar 2022","Fri, 03 Mar 2023",2,"Fri, 11 Mar 2022 20:00:00.403540000 UTC +00:03","Fri, 11 Mar 2022 20:00:00.403540000 UTC +00:04","New York, État de New York, États-Unis",,,1,,0,0,45,"Lorem ipsum dolor sit amet consectetur adipisicing elit. Reprehenderit fugiat, quasi perspiciatis earum unde enim ullam doloribus repellendus sapiente voluptate veritatis nihil atque expedita rem aperiam! Distinctio iusto harum dolorum.","cuisine couverts refrigirateur four micro_onde lave_vaisselle congelateur lave_linge savon_pour_le_corps shampooing fer seche_cheveux armoire cintre draps oreillers_couettes wifi work animaux"
Long Island City,"30-81 49th St, Long Island City, New York, État de New York, États-Unis","Fri, 11 Mar 2022","Fri, 03 Mar 2023",2,"Fri, 11 Mar 2022 20:00:00.403540000 UTC +00:04","Fri, 11 Mar 2022 20:00:00.403540000 UTC +00:05","New York, État de New York, États-Unis",,,1,,0,0,67,"Lorem ipsum dolor sit amet consectetur adipisicing elit. Reprehenderit fugiat, quasi perspiciatis earum unde enim ullam doloribus repellendus sapiente voluptate veritatis nihil atque expedita rem aperiam! Distinctio iusto harum dolorum.","cuisine couverts refrigirateur four micro_onde lave_vaisselle congelateur lave_linge savon_pour_le_corps shampooing fer seche_cheveux armoire cintre draps oreillers_couettes wifi work animaux"
Roger de Flor,"Carrer de Roger de Flor, 236, Local, 08025 Barcelona, Espagne","Fri, 11 Mar 2022","Fri, 03 Mar 2023",2,"Fri, 11 Mar 2022 20:00:00.403540000 UTC +00:05","Fri, 11 Mar 2022 20:00:00.403540000 UTC +00:06","Barcelona, Espagne",,,1,,0,0,86,"Lorem ipsum dolor sit amet consectetur adipisicing elit. Reprehenderit fugiat, quasi perspiciatis earum unde enim ullam doloribus repellendus sapiente voluptate veritatis nihil atque expedita rem aperiam! Distinctio iusto harum dolorum.","cuisine couverts refrigirateur four micro_onde lave_vaisselle congelateur lave_linge savon_pour_le_corps shampooing fer seche_cheveux armoire cintre draps oreillers_couettes wifi work animaux"
la Marina,"Carrer de la Marina, 279, 08025 Barcelona, Espagne","Fri, 11 Mar 2022","Fri, 03 Mar 2023",2,"Fri, 11 Mar 2022 20:00:00.403540000 UTC +00:06","Fri, 11 Mar 2022 20:00:00.403540000 UTC +00:07","Barcelona, Espagne",,,1,,0,0,39,"Lorem ipsum dolor sit amet consectetur adipisicing elit. Reprehenderit fugiat, quasi perspiciatis earum unde enim ullam doloribus repellendus sapiente voluptate veritatis nihil atque expedita rem aperiam! Distinctio iusto harum dolorum.","cuisine couverts refrigirateur four micro_onde lave_vaisselle congelateur lave_linge savon_pour_le_corps shampooing fer seche_cheveux armoire cintre draps oreillers_couettes wifi work animaux"
Provença,"C/ de Provença, 469, BAJO, 08025 Barcelona, Espagne","Fri, 11 Mar 2022","Fri, 03 Mar 2023",2,"Fri, 11 Mar 2022 20:00:00.403540000 UTC +00:07","Fri, 11 Mar 2022 20:00:00.403540000 UTC +00:08","Barcelona, Espagne",,,1,,0,0,50,"Lorem ipsum dolor sit amet consectetur adipisicing elit. Reprehenderit fugiat, quasi perspiciatis earum unde enim ullam doloribus repellendus sapiente voluptate veritatis nihil atque expedita rem aperiam! Distinctio iusto harum dolorum.","cuisine couverts refrigirateur four micro_onde lave_vaisselle congelateur lave_linge savon_pour_le_corps shampooing fer seche_cheveux armoire cintre draps oreillers_couettes wifi work animaux"
Margarit,"Carrer de Margarit, 64, 08004 Barcelona, Espagne","Fri, 11 Mar 2022","Fri, 03 Mar 2023",2,"Fri, 11 Mar 2022 20:00:00.403540000 UTC +00:08","Fri, 11 Mar 2022 20:00:00.403540000 UTC +00:09","Barcelona, Espagne",,,1,,0,0,67,"Lorem ipsum dolor sit amet consectetur adipisicing elit. Reprehenderit fugiat, quasi perspiciatis earum unde enim ullam doloribus repellendus sapiente voluptate veritatis nihil atque expedita rem aperiam! Distinctio iusto harum dolorum.","cuisine couverts refrigirateur four micro_onde lave_vaisselle congelateur lave_linge savon_pour_le_corps shampooing fer seche_cheveux armoire cintre draps oreillers_couettes wifi work animaux"
Francesc,"Carrer de Francesc Pujols, 4, 08002 Barcelona, Espagne","Fri, 11 Mar 2022","Fri, 03 Mar 2023",2,"Fri, 11 Mar 2022 20:00:00.403540000 UTC +00:09","Fri, 11 Mar 2022 20:00:00.403540000 UTC +00:01","Barcelona, Espagne",,,1,,0,0,86,"Lorem ipsum dolor sit amet consectetur adipisicing elit. Reprehenderit fugiat, quasi perspiciatis earum unde enim ullam doloribus repellendus sapiente voluptate veritatis nihil atque expedita rem aperiam! Distinctio iusto harum dolorum.","cuisine couverts refrigirateur four micro_onde lave_vaisselle congelateur lave_linge savon_pour_le_corps shampooing fer seche_cheveux armoire cintre draps oreillers_couettes wifi work animaux"
Portaferrissa,"C/ de la Portaferrissa, 21, 08002 Barcelona, Espagne","Fri, 11 Mar 2022","Fri, 03 Mar 2023",2,"Fri, 11 Mar 2022 20:00:00.403540000 UTC +00:04","Fri, 11 Mar 2022 20:00:00.403540000 UTC +00:02","Barcelona, Espagne",,,1,,0,0,39,"Lorem ipsum dolor sit amet consectetur adipisicing elit. Reprehenderit fugiat, quasi perspiciatis earum unde enim ullam doloribus repellendus sapiente voluptate veritatis nihil atque expedita rem aperiam! Distinctio iusto harum dolorum.","cuisine couverts refrigirateur four micro_onde lave_vaisselle congelateur lave_linge savon_pour_le_corps shampooing fer seche_cheveux armoire cintre draps oreillers_couettes wifi work animaux"
Buenaventura Muñoz,"Carrer de Buenaventura Muñoz, 25, 08018 Barcelona, Espagne","Fri, 11 Mar 2022","Fri, 03 Mar 2023",2,"Fri, 11 Mar 2022 20:00:00.403540000 UTC +00:05","Fri, 11 Mar 2022 20:00:00.403540000 UTC +00:03","Barcelona, Espagne",,,1,,0,0,50,"Lorem ipsum dolor sit amet consectetur adipisicing elit. Reprehenderit fugiat, quasi perspiciatis earum unde enim ullam doloribus repellendus sapiente voluptate veritatis nihil atque expedita rem aperiam! Distinctio iusto harum dolorum.","cuisine couverts refrigirateur four micro_onde lave_vaisselle congelateur lave_linge savon_pour_le_corps shampooing fer seche_cheveux armoire cintre draps oreillers_couettes wifi work animaux"